<?xml version = '1.0' encoding = 'windows-1252'?>
<!DOCTYPE ejb-jar PUBLIC "-//Sun Microsystems, Inc.//DTD Enterprise JavaBeans 2.0//EN" "http://java.sun.com/dtd/ejb-jar_2_0.dtd">
<ejb-jar>
  <enterprise-beans>
    <session>
      <description>Session Bean ( Stateless )</description>
      <display-name>SegurMock</display-name>
      <ejb-name>Segur</ejb-name>
      <home>br.com.cvrd.seguranca.negocio.SegurHome</home>
      <remote>br.com.cvrd.seguranca.negocio.Segur</remote>
      <ejb-class>br.com.cvrd.seguranca.negocio.impl.SegurBean</ejb-class>
      <session-type>Stateless</session-type>
      <transaction-type>Container</transaction-type>
    </session>
  </enterprise-beans>
  <assembly-descriptor>
    <container-transaction>
      <method>
        <ejb-name>Segur</ejb-name>
        <method-name>*</method-name>
      </method>
      <trans-attribute>Required</trans-attribute>
    </container-transaction>
  </assembly-descriptor>
</ejb-jar>
