<?xml version = '1.0' encoding = 'windows-1252'?>
<ejb-jar xmlns="http://java.sun.com/xml/ns/javaee"
	      xmlns:xsi="http://www.w3.org/2001/XMLSchema-instance"
	      xsi:schemaLocation="http://java.sun.com/xml/ns/javaee
		  http://java.sun.com/xml/ns/javaee/ejb-jar_3_0.xsd"
	      version="3.0">
  <enterprise-beans>
    <session>
      <description>Session Bean ( Stateless )</description>
      <display-name>SegurMock</display-name>
      <ejb-name>Segur</ejb-name>
      <home>br.com.cvrd.seguranca.negocio.SegurHome</home>
      <remote>br.com.cvrd.seguranca.negocio.Segur</remote>
      <ejb-class>br.com.cvrd.seguranca.negocio.impl.SegurBean</ejb-class>
      <session-type>Stateless</session-type>
      <transaction-type>Container</transaction-type>
    </session>
  </enterprise-beans>
  <assembly-descriptor>
    <container-transaction>
      <method>
        <ejb-name>Segur</ejb-name>
        <method-name>*</method-name>
      </method>
      <trans-attribute>Required</trans-attribute>
    </container-transaction>
  </assembly-descriptor>
</ejb-jar>
