<DARUMAFRAMEWORK>
  <START>
    <LocalArquivos>c:\dados\sgpweb\fiscal\</LocalArquivos>
    <LocalArquivosRelatorios>c:\dados\sgpweb\fiscal\</LocalArquivosRelatorios>
    <LogTamMaxMB>5</LogTamMaxMB>
    <Produto>DUAL</Produto>
    <ThreadAoIniciar>0</ThreadAoIniciar>
    <TipoRegistro>2</TipoRegistro>
    <ModoObserver>0</ModoObserver>
    <PathBibliotecasAuxiliares></PathBibliotecasAuxiliares>
    </START>
  <DUAL>
    <AguardarProcesso>1</AguardarProcesso>
    <Auditoria>0</Auditoria>
    <TamanhoBobina>48</TamanhoBobina>
    <CodePageAutomatico>0</CodePageAutomatico>
    <ControleAutomatico>0</ControleAutomatico>
    <EnterFinal>1</EnterFinal>
    <Inicializou>0</Inicializou>
    <LinhasGuilhotina>0</LinhasGuilhotina>
    <ModoGaveta>0</ModoGaveta>
    <PortaComunicacao>COM1</PortaComunicacao>
    <Tabulacao>05,10,15,20,30,40</Tabulacao>
    <TempoEsperaLeitura>10</TempoEsperaLeitura>
    <Termica>1</Termica>
    <Velocidade>9600</Velocidade>
    <ZeroCortado>0</ZeroCortado>
    <Rota1>COM1>000.000.000.000:0000</Rota1>
    <Rota2>COM2>000.000.000.000:0000</Rota2>
    <Rota3>COM3>000.000.000.000:0000</Rota3>
    <Rota4>COM4>000.000.000.000:0000</Rota4>
    <Rota5>COM5>000.000.000.000:0000</Rota5>
    <AtivaRota>0</AtivaRota>
    <CaracterSeparador>;</CaracterSeparador>
    <EndPortaParalela></EndPortaParalela>
      <Margem>00;00</Margem>
      <FormataTexto>DLL</FormataTexto>
    </DUAL>
  <ECF>
    <AguardarBitmapRZ>0</AguardarBitmapRZ>
    <AguardarImpressao>1</AguardarImpressao>
    <ArquivoLeituraX>LeituraX.ser</ArquivoLeituraX>
    <ArredondarTruncar>A</ArredondarTruncar>
    <Auditoria>0</Auditoria>
    <CaracterSeparador>;</CaracterSeparador>
    <ControleAutomatico>0</ControleAutomatico>
    <DelayEntreBytes>000</DelayEntreBytes>
    <EncontrarECF>1</EncontrarECF>
    <EmErroBuscarPorta>0</EmErroBuscarPorta>
    <EnviarAvisoAoUsuario>0</EnviarAvisoAoUsuario>
    <EnviarErroAoUsuario>0</EnviarErroAoUsuario>
    <FarmaciaPopular>0</FarmaciaPopular>
    <GerandoRelatorio>0</GerandoRelatorio>
    <LegendaInmetro>0</LegendaInmetro>
    <LMFCompleta>1</LMFCompleta>
    <MaxFechamentoAutomatico>0</MaxFechamentoAutomatico>
    <MensagemApl1>MD5:D2377767BDB6B9DB3123BDC6EB56E09C</MensagemApl1>
    <MensagemApl2></MensagemApl2>
    <MensagemAviso>AVISO: [O PAPEL ESTA ACABANDO!!]. INSIRA NOVA BOBINA DE PAPEL.</MensagemAviso>
    <ModoGaveta>0</ModoGaveta>
    <NaoAvisarPoucoPapel>0</NaoAvisarPoucoPapel>
    <NomeUltimoCMD>comFecharPorta_DUAL</NomeUltimoCMD>
    <PortaSerial>COM1</PortaSerial>
    <ReceberAvisoEmArquivo>0</ReceberAvisoEmArquivo>
    <ReceberDescricaoAvisoEmArquivo>0</ReceberDescricaoAvisoEmArquivo>
    <ReceberDescricaoErroEmArquivo>0</ReceberDescricaoErroEmArquivo>
    <ReceberErroEmArquivo>0</ReceberErroEmArquivo>
    <ReceberInfoEstendida>1</ReceberInfoEstendida>
    <ReceberInfoEstendidaEmArquivo>0</ReceberInfoEstendidaEmArquivo>
    <ReducaoZAutomatica>0</ReducaoZAutomatica>
    <RetornarAvisoErro>1</RetornarAvisoErro>
    <SangriaMensagem></SangriaMensagem>
    <SangriaValor>100</SangriaValor>
    <SerialByteAByte>0</SerialByteAByte>
    <SinalSonoroIniciar>1</SinalSonoroIniciar>
    <SuprimentoMensagem></SuprimentoMensagem>
    <SuprimentoValor>100</SuprimentoValor>
    <TipoUltimoDocumento>7</TipoUltimoDocumento>
    <TituloMensagem>[DarumaFramework]</TituloMensagem>
    <Velocidade>9600</Velocidade>
    <VelocidadeAntiga>9600</VelocidadeAntiga>
    <Wine>0</Wine>
    <CF>
      <BMP>0</BMP>
      <CupomAdicionalDllConfig>111111111100000000000</CupomAdicionalDllConfig>
      <CupomAdicionalDllTitulo>Cupom Adicional</CupomAdicionalDllTitulo>
      <CupomMania>0</CupomMania>
      <FormaPgto>Dinheiro</FormaPgto>
      <IdentificaConsumidorFormatado></IdentificaConsumidorFormatado>
      <MensagemFormaPagamento></MensagemFormaPagamento>
      <MensagemPromocional></MensagemPromocional>
      <MinasLegal>0</MinasLegal>
      <ModoPreVenda>0</ModoPreVenda>
      <Quantidade>1</Quantidade>
      <TamanhoMinimoDescricao>15</TamanhoMinimoDescricao>
      <TipoDescAcresc>D%</TipoDescAcresc>
      <UnidadeMedida>un</UnidadeMedida>
      <ValorDescAcresc>0.00</ValorDescAcresc>
      <MascaraIdentificaConsumidor>0</MascaraIdentificaConsumidor>
        <NotaLegal>0</NotaLegal>
        <TorpedoPremiadoParaiba>0</TorpedoPremiadoParaiba>
      </CF>
    <CCD>
      <DocOrigem></DocOrigem>
      <FormaPgto>Cartao</FormaPgto>
      <LinhasTEF>20</LinhasTEF>
      <Parcelas>01</Parcelas>
      <Valor></Valor>
      <SaltarLinhasTEF>0</SaltarLinhasTEF>
      </CCD>
    <CHEQUE>
      <XLinha1>10</XLinha1>
      <XLinha2>10</XLinha2>
      <XLinha3>10</XLinha3>
      <YLinha1>10</YLinha1>
      <YLinha2>20</YLinha2>
      <YLinha3>30</YLinha3>
      <TimeOutEjetarCheque>20</TimeOutEjetarCheque>
    </CHEQUE>
    <REDUCAOZ>
      <AvisarOperacoesReducaoZ>0</AvisarOperacoesReducaoZ>
      <AvisarReducaoZ>0</AvisarReducaoZ>
      <Relatorios></Relatorios>
      <PeriodoInicial></PeriodoInicial>
      <PeriodoFinal></PeriodoFinal>
      <ChavePrivada></ChavePrivada>
      <ExecutarAntesOuDepois>1</ExecutarAntesOuDepois>
      <MensagemAviso>Geracao de relatorio sera executada automaticamente apos a reducao Z, favor nao desligar a impressora</MensagemAviso>
      <RetornarInformacao></RetornarInformacao>
      <TimeOutReducaoZ>30</TimeOutReducaoZ>
    </REDUCAOZ>
    <SINTEGRA>
      <Bairro>Bairro</Bairro>
      <CEP>12345.123</CEP>
      <Cod_Convenio>1</Cod_Convenio>
      <Cod_Finalidade>1</Cod_Finalidade>
      <Cod_Natureza>1</Cod_Natureza>
      <Complemento>Complemento</Complemento>
      <Contato_Nome>Nome Contato</Contato_Nome>
      <Contato_Telefone>(12) 1234-1234</Contato_Telefone>
      <Fax>(12) 1234-1234</Fax>
      <Logradouro>Logradouro</Logradouro>
      <Municipio>Municipio</Municipio>
      <Numero>12345</Numero>
      <UF>XX</UF>
    </SINTEGRA>
    <ATOCOTEPE>
      <Automatico>0</Automatico>
    </ATOCOTEPE>
    <HabilitaNotificacaoWS>0</HabilitaNotificacaoWS>
      <HorarioVeraoInicio></HorarioVeraoInicio>
      <HorarioVeraoFim></HorarioVeraoFim>
      <VelocidadeGeracaoRelatorio>1</VelocidadeGeracaoRelatorio>
    </ECF>
  <TA2000>
    <Auditoria>0</Auditoria>
    <MensagemBoasVindasLinha1>**********Daruma Automacao**************</MensagemBoasVindasLinha1>
    <MensagemBoasVindasLinha2>********MicroTerminal TA2000************</MensagemBoasVindasLinha2>
    <Porta>LPT0</Porta>
  </TA2000>
  <MODEM>
    <Apn>XXXXX</Apn>
    <Auditoria>0</Auditoria>
    <BandejaInicio>SIM1</BandejaInicio>
    <CaptionWinAPP>MODEM - MIN100/MIN200</CaptionWinAPP>
    <Tecla>F10</Tecla>
    <ConfirmaEntregaSMS>0</ConfirmaEntregaSMS>
    <IpCliente>XXX.XXX.XXX.XXX</IpCliente>
    <IpServidor>XXX.XXX.XXX.XXX</IpServidor>
    <LerApagar>FALSE</LerApagar>
    <ListarSms>0</ListarSms>
    <Porta>COM1</Porta>
    <PortaTimeOut>5</PortaTimeOut>
    <Senha>XXXXX</Senha>
    <TempoAlertar>4000</TempoAlertar>
    <Thread>FALSE</Thread>
    <Usuario>XXXXX</Usuario>
    <Velocidade>115200</Velocidade>
    <ControleAutomatico>0</ControleAutomatico>
      <NumeroTentativas>0</NumeroTentativas>
      <ReceberNumeroChamada>0</ReceberNumeroChamada>
    </MODEM>
  <DSP>
    <Auditoria>0</Auditoria>
    <PortaSerial>COM5</PortaSerial>
    <Velocidade>9600</Velocidade>
    <Mascara></Mascara>
    <MENSAGEMABERTURA>
      <Linha1>Urmet Daruma</Linha1>
      <Linha2>DarumaFramework</Linha2>
    </MENSAGEMABERTURA>
    <MENSAGEMENCERRAMENTO>
      <Linha1></Linha1>
      <Linha2></Linha2>
    </MENSAGEMENCERRAMENTO>
    <MENSAGEMPROMOCIONALDSP>
      <Animacao></Animacao>
      <Linha1></Linha1>
      <Linha2></Linha2>
    </MENSAGEMPROMOCIONALDSP>
  </DSP>
  <OBSERVER>
    <PathEntrada>c:\Daruma.cmd</PathEntrada>
    <PathSaida>c:\Daruma.ret</PathSaida>
    <Latencia>25</Latencia>
    <Log_Path>OBSERVER.LOG</Log_Path>
    <Separador>;</Separador>
    <Gravar_Log>0</Gravar_Log>
    </OBSERVER>
  <WSWIN8>
  <NomeFantasia></NomeFantasia>
      <SyncAssync>0</SyncAssync>
      <IndiceSegmento>0</IndiceSegmento>
    </WSWIN8>
  </DARUMAFRAMEWORK>
