<project name="component" default="all" xmlns:oracle="antlib:oracle"
	xmlns="antlib:org.apache.tools.ant">
	<property file="../../build.properties" />
	<property file="../build.properties" />
	<property file="build.properties" />

	<path id="component.class.path.model">
		<path refid="componentes.class.path.model" />
		<path path="${classes.model.dir}" />
	</path>
	<path id="component.class.path.view">
		<path refid="componentes.class.path.view" />
		<path path="${classes.model.dir}" />
		<path path="${classes.view.dir}" />
	</path>
	<path id="component.class.path.test">
		<path refid="component.class.path.model" />
		<path refid="component.class.path.view" />
		<path refid="componentes.class.path.test" />
		<path path="${classes.test.dir}" />
	</path>
	<!--
		============================================================================
		== properties
		============================================================================
	-->

	<!-- deliverables -->
	<property name="jar.file" value="${component.name}.jar" />

	<!--
		============================================================================
		== init
		============================================================================
	-->
	<target name="init">
		<tstamp />
		<mkdir dir="${report.test.dir}" />
		<mkdir dir="${src.test.dir}" />
		<mkdir dir="${src.model.dir}" />
		<mkdir dir="${src.view.dir}" />
		<mkdir dir="${classes.test.dir}" />
		<mkdir dir="${classes.model.dir}" />
		<mkdir dir="${classes.view.dir}" />
		<mkdir dir="${jar.model.dir}" />
		<mkdir dir="${jar.view.dir}" />
		<mkdir dir="${jar.test.dir}" />
	</target>
	<!--
		============================================================================
		== compile
		============================================================================
	-->
	<target name="compile" depends="init">
		<!-- model -->
		<echo>Compilando ${component.name} model</echo>
		<javac srcdir="${src.model.dir}" destdir="${classes.model.dir}"
			classpathref="${component.name}.class.path.model" debug="true" />
		<copy todir="${classes.model.dir}">
			<fileset dir="${src.model.dir}">
				<include name="**/*.xml" />
				<include name="**/*.properties" />
			</fileset>
		</copy>
		
		<!-- view -->
		<echo>Compilando ${component.name} view</echo>
		<javac srcdir="${src.view.dir}" destdir="${classes.view.dir}"
			classpathref="${component.name}.class.path.view" debug="true" />
		<copy todir="${classes.view.dir}">
			<fileset dir="${src.view.dir}">
				<include name="**/*.xml" />
				<include name="**/*.properties" />
			</fileset>
		</copy>
		
		<!-- test -->
		<echo>Compilando ${component.name} test</echo>
		<javac debug="true" srcdir="${src.test.dir}" destdir="${classes.test.dir}"
			classpathref="${component.name}.class.path.test" deprecation="off" />
		<copy todir="${classes.test.dir}">
			<fileset dir="${src.test.dir}">
				<include name="**/*.xml" />
				<include name="**/*.properties" />
			</fileset>
		</copy>
	</target>

	<!--
		============================================================================
		== Jar
		============================================================================
	-->
	<target name="jar" depends="compile, junit">
		<!-- model -->
		<jar
			destfile="${jar.model.dir}/${component.name}-model-${jar.file}">
			<fileset dir="${classes.model.dir}">
				<include name="**/*.*" />
			</fileset>
		</jar>
		
		<!-- view -->
		<jar
			destfile="${jar.view.dir}/${component.name}-view-${jar.file}">
			<fileset dir="${classes.view.dir}">
				<include name="**/*.*" />
			</fileset>
			<metainf dir="${web.dir}">
				<include name="**/*.tld" />
			</metainf>
		</jar>
		
		<!-- test -->
		<jar
			destfile="${jar.test.dir}/${component.name}-test-${jar.file}">
			<fileset dir="${classes.test.dir}">
				<include name="**/*.*" />
			</fileset>
		</jar>
	</target>
	
	<!--
		============================================================================
		== junit
		============================================================================
	-->
	<target name="junit" depends="compile">
		<junit printsummary="yes" includeantruntime="yes"
			showoutput="yes">
			<classpath>
				<path refid="${component.name}.class.path.test" />
			</classpath>
			<batchtest todir="${report.test.dir}">
				<formatter type="brief" />
				<fileset dir="${src.test.dir}" id="id">
					<include name="**/*Test.java" />
					<exclude name="**/AllTests.java" />
				</fileset>
			</batchtest>
		</junit>
	</target>

	<!--
		============================================================================
		== clean
		============================================================================
	-->
	<target name="clean">
		<echo message="limpando ${component.name}" />
		<delete>
			<fileset dir="./${classes.model.dir}">
				<include name="**/*.*" />
			</fileset>
			<fileset dir="./${classes.view.dir}">
				<include name="**/*.*" />
			</fileset>
			<fileset dir="./${classes.test.dir}">
				<include name="**/*.*" />
			</fileset>
		</delete>
	</target>

	<!--
		============================================================================
		== all
		============================================================================
	-->
	<target name="all" depends="init, jar" />
</project>